{
  "welcomeFile": "app/barcode/index.html",
  "routes": [
	{
      "source": "^/app/barcode/resources/(.*)$",
      "target": "/resources/$1",
      "authenticationType": "none",
      "destination": "ui5"
    },
    {
      "source": "^/app/(.*)$",
      "target": "$1",
      "localDir": ".",
      "authenticationType": "none",
      "cacheControl": "no-cache, no-store, must-revalidate"
    },
    {
      "source": "^/appconfig/",
      "localDir": ".",
      "authenticationType": "none",
      "cacheControl": "no-cache, no-store, must-revalidate"
    },
    {
      "source": "^/resources/(.*)$",
      "target": "/resources/$1",
      "authenticationType": "none",
      "destination": "ui5"
    },
    {
      "source": "^/test-resources/(.*)$",
      "target": "/test-resources/$1",
      "authenticationType": "none",
      "destination": "ui5"
    }
  ]
}
